"","mean_avg_marks","sd_avg_marks","med_avg_marks","count_numbers"
"female",69.5694980694981,14.5416670634934,70.33,518
"male",65.8373029045643,13.6989438788771,66.33,482
