"","gender","Math.avg","Math.sd","writing.mean","writng.sd","reading.mean","reading.sd","overall.mean","overall.sd","count"
"1","female",63.6332046332046,15.4914532423395,72.4671814671815,14.8448417657508,72.6081081081081,14.3782453032314,69.5694980694981,14.5416670634934,518
"2","male",68.7282157676349,14.3562771963624,63.3112033195021,14.1138318129791,65.4730290456432,13.9318320637295,65.8373029045643,13.6989438788771,482
