"","math_mean","math_sd"
"group A",61.6292134831461,14.5230084086596
"group B",63.4526315789474,15.4681912364729
"group C",64.4639498432602,14.8526658792537
"group D",67.3625954198473,13.7693859766096
"group E",73.8214285714286,15.5342591254812
